FARM,YEAR,COWS,LAND,LABOR,FEED,MILK,YIT
1,93,15.3,8,2,33435.738,73647,11.2070387
1,94,18.1,8,2,36869.04,91260,11.4214679
1,97,17.1,7,2,51013.578,110419,11.6120375
1,96,17.3,8,2,50711.57,111454,11.6213672
1,95,17.8,8,2,54153.586,118498,11.6826514
1,98,19.5,7.2,2,59038.65,131197,11.7844553
2,93,20.3,9,2,53875.944,118149,11.6797018
2,94,20.3,10.4,2,51990.994,127742,11.7577679
2,95,22,10.7,2,61379.31,146490,11.8947124
2,96,23.3,10.7,2,71093.79,163434,12.0041645
2,97,23.3,10.6,2,69204.069,163603,12.005198
2,98,25,9.4,3,73580.36,169540,12.0408442
3,93,19.6,11,2.5,42412.23,102445,11.5370813
3,94,22.2,11,2.5,63149.868,129938,11.7748127
3,96,24.7,11,2.5,54893.916,132594,11.7950471
3,95,25.4,12,2.5,58681.234,134282,11.8076973
3,97,25.3,13.5,2.5,55810.657,140581,11.8535391
3,98,26.1,14.5,2.5,93567.018,182037,12.1119652
4,93,55.4,22,2.5,196445.37,405042,12.911746
4,94,63.5,22,2.5,212773.29,489134,13.1003918
4,95,63.4,22,2.5,267761.486,526054,13.1731591
4,98,68.8,23,2.5,263764.34,543844,13.2064177
4,96,63.7,23,2.5,296933.696,545834,13.2100702
4,97,68,23,2.5,285700.761,570261,13.2538494
5,94,18.7,11,1.5,49301.876,103142,11.543862
5,93,17.5,11,1.5,49680.69,111642,11.6230526
5,98,19.3,11.5,1.5,55440.315,125715,11.7417727
5,95,18.2,11,1.5,61834.968,126711,11.7496642
5,97,19.9,11.5,1.5,77293.83,144745,11.8827289
5,96,18.9,11,1.5,69627.875,146585,11.8953607
6,93,23,9,2.5,64251.264,151536,11.9285785
6,97,22.3,9,2.5,76506.72,159389,11.979103
6,94,24.5,9,2.5,73452.66,161790,11.9940545
6,96,22.9,9,2.5,87482.43,168885,12.0369733
6,98,23.1,9,2.5,79364.782,169946,12.043236
6,95,24.6,9,2.5,86555.488,186542,12.1364117
7,93,30.3,10,2,51988.608,132624,11.7952733
7,94,29.5,12.3,2,76233.024,170163,12.0445121
7,95,32.7,10,2,100495.372,206356,12.2373581
7,96,32.6,9,2,105101.361,228979,12.3413856
7,97,32.5,15.5,2,116133.156,236043,12.3717693
7,98,34.1,15.5,2,92680.168,236429,12.3734032
8,93,26.4,11.2,1.5,57272.47,147230,11.8997513
8,94,26.6,23,1.5,66513.356,176428,12.0806681
8,97,27.2,12,1.5,90432.111,192819,12.1695072
8,96,29.1,13.9,1.5,98646.548,198484,12.1984638
8,95,28.7,13.9,1.5,92882.836,205493,12.2331672
8,98,29.5,12,1.5,125776.48,216856,12.2869888
9,93,62.1,35.2,3,133505.53,430663,12.9730812
9,94,67.4,35.2,3,197970.08,449932,13.0168517
9,95,70,35.2,3,193346.406,516969,13.1557382
9,96,76.7,35.2,3,246824.218,572678,13.2580789
9,97,75.2,35.2,3,244559.096,597944,13.3012524
9,98,82.3,35,3,256023.572,608132,13.3181472
10,93,31.7,15.5,2,107539.826,230278,12.3470426
10,94,33.6,15.7,2,99081.95,233134,12.3593687
10,95,33.3,15.7,2,112016.898,278649,12.5377082
10,98,33.5,16.6,2,129413.712,283802,12.5560321
10,97,35,17.5,2,127849.152,293232,12.5887194
10,96,35.6,15.7,2,133512.73,302065,12.6183975
11,94,20.3,10.2,1.5,47179.992,123832,11.7266811
11,93,20,8.8,1.5,51500.085,136605,11.8248488
11,95,22.3,10.2,1.5,53924.735,147739,11.9032025
11,96,22.1,10.8,1.5,62988.058,155143,11.9521026
11,97,24,11.3,1.5,60663.884,168044,12.0319811
11,98,22.4,11.3,1.5,64478.31,171030,12.0495943
12,93,24.1,16.6,2,62947.794,156198,11.9588797
12,94,27.2,16.6,2,88699.572,189529,12.1522973
12,95,29,16.6,2,76658.04,206070,12.2359712
12,97,34.6,18,2,90180.797,235459,12.3692921
12,96,33.7,16.6,2,85696.984,236732,12.374684
12,98,36.2,18,2,85978.62,237510,12.377965
13,93,21.4,10,1.2,58980.215,142121,11.8644341
13,94,23.8,12.5,1.2,69277.338,168558,12.0350352
13,95,30,13,1.2,82554.598,221326,12.307392
13,96,34.9,15,1.2,106981.842,241494,12.3945999
13,97,40.8,15,1.2,131383.065,291315,12.5821604
13,98,45.6,17,1.2,175660.232,414293,12.9343287
14,93,26,16,2.3,55434.05,158383,11.9727714
14,94,28.3,16.5,2.3,85221.798,180938,12.1059097
14,95,28.4,16,2.3,89180.052,197301,12.1924858
14,96,31.2,16,2.3,105975.894,219867,12.3007781
14,97,35.9,17,2.3,129636.672,245524,12.41115
14,98,38.5,17,2.3,143598.656,266912,12.4946743
15,93,18,9.1,1.5,14811.61,61205,11.0219842
15,95,19.7,9.1,1.5,17337.339,62141,11.0371613
15,98,21.7,9.1,1.5,28332.084,63811,11.0636809
15,94,18.5,9.1,1.5,15903.398,66821,11.1097727
15,96,21.1,9.1,1.5,24663.507,72327,11.1889528
15,97,21,9.1,1.5,33836.195,81533,11.3087631
16,93,31.8,12,2.5,61501.766,159331,11.9787391
16,94,33.7,14,2.5,77081.784,169039,12.0378847
16,95,31.9,14,2.5,79658.865,185685,12.131807
16,96,33.5,14,2.5,89910.626,251147,12.4337937
16,97,34.3,15,2.5,132299.406,276777,12.5309674
16,98,41.6,15,2.5,159684.502,358037,12.7883916
17,93,14.1,9.6,2,27396.336,56604,10.9438349
17,94,14.4,9.6,2,27677.633,63047,11.0516358
17,95,16.7,9.6,2,32257.504,75368,11.2301381
17,96,18.2,9.6,2,44201.394,84677,11.3465993
17,98,19,9,2,54500.985,101871,11.5314626
17,97,20.2,12.8,2,50487.783,103247,11.5448795
18,93,14.5,5,1,27564.718,70498,11.1633396
18,94,15.8,12.4,1,28981.908,76068,11.239383
18,95,16.3,12.7,1,34556.991,86609,11.369159
18,96,16.7,12.7,1,33076.134,87503,11.3794284
18,97,16.9,5.9,1,46704.36,105190,11.5635235
18,98,18.7,6,1,57403.611,120343,11.6981013
19,93,17.3,15.1,1,29453.424,68656,11.1368638
19,94,18.3,15.1,1,31967.65,85475,11.3559792
19,95,19.8,15.1,1,35839.83,91897,11.4284237
19,97,21.6,15.1,1,61363.496,110366,11.6115574
19,96,23.7,15.1,1,48764.651,125359,11.7389369
19,98,26.3,15.1,1,80493.465,159393,11.9791281
20,93,19.1,9,1.5,47836.875,102875,11.5412699
20,94,22.7,10.5,1.5,52160.306,113146,11.6364343
20,95,23.3,8,1.5,57982.455,133293,11.800305
20,98,22.9,13,1.5,89225.864,140072,11.8499119
20,97,23.5,12.4,1.5,91330.04,145430,11.8874502
20,96,25.8,8,1.5,84182.208,152504,11.9349461
21,93,20.3,9,1.5,51181.725,128275,11.7619317
21,94,21.9,11.4,1.5,54247.755,138035,11.8352626
21,95,23.1,11.4,1.5,69508.232,161272,11.9908477
21,96,28.6,10.8,1.5,99458.416,208072,12.2456395
21,98,30.3,21.5,1.5,96817.68,224115,12.3199146
21,97,28.5,12.9,1.5,107446.155,231067,12.350463
22,93,20.8,9,2.2,51530.42,122110,11.7126776
22,94,22.3,9.6,2.2,55795.152,132216,11.7921922
22,95,23.5,10.2,2.2,71648.346,155083,11.9517157
22,96,26.3,9.6,2.2,82605.49,177265,12.0854011
22,97,26.7,20.5,2.2,94074.163,196397,12.1878934
22,98,28.2,35.6,2.2,88287.6,205320,12.232325
23,94,21.3,7,1.5,26508.28,89555,11.4026082
23,98,21.3,6.9,1.5,46942.83,94834,11.4598833
23,93,21.8,8,1.5,29707.143,94911,11.4606949
23,97,22.8,10.1,1.5,39320.71,97570,11.4883253
23,96,24.1,7,1.5,38924.103,102163,11.5343249
23,95,24,7,1.5,36416.952,103752,11.5497587
24,95,39.1,25,1.5,96310.758,239579,12.3866385
24,93,39.8,25,1.5,92069.376,239764,12.3874104
24,94,38.3,15.8,1.5,77210.88,241284,12.3937299
24,96,39.3,25,1.5,89696.52,249157,12.4258385
24,97,40.1,29,1.5,141596.299,294379,12.5926233
24,98,45.3,29,1.5,144100.312,318806,12.672338
25,93,14.3,7,1.5,26184.846,66459,11.1043405
25,94,18.1,8,1.5,34953.12,100440,11.5173158
25,95,20.1,8,1.5,41224.48,103840,11.5506065
25,96,24.7,8,1.5,66576.384,154112,11.9454349
25,97,26.9,15,1.5,67311.149,155453,11.9540987
25,98,29.3,15,1.5,73808.699,161507,11.9923038
26,93,45.5,21,1.2,71881.434,262341,12.4774005
26,94,51.3,21,2.3,115671.168,310944,12.6473681
26,95,52.8,23,2.3,121185.045,351261,12.7692848
26,96,57.6,24,2.3,141797.04,368304,12.816664
26,97,59.2,29,2.3,173935.494,397113,12.8919762
26,98,57.8,29,2.3,173405.954,402334,12.9050379
27,95,36.7,21,3.5,81336.717,184437,12.1250632
27,94,40.5,21,3.5,85173.842,192701,12.168895
27,93,37.4,21,3.5,78821.4,201075,12.2114333
27,96,36,21,3.5,82006.43,201490,12.213495
27,98,35.2,21.1,3.5,106434.444,205076,12.2311359
27,97,36.4,21.1,3.5,102665.112,212118,12.264898
28,93,16,7,2,25377.975,68775,11.1385956
28,94,16.5,7,2,32439.979,71929,11.1834348
28,95,17,7,2,44522.676,91989,11.4294243
28,96,18.5,7,2,58458.38,109268,11.6015589
28,97,19.6,11,2,67458.424,115511,11.657121
28,98,20.2,11,2,72573.225,132675,11.7956578
29,94,18.9,7.9,1.5,40369.511,79001,11.2772158
29,93,17,8,1.5,44034.284,92509,11.4350612
29,95,20,7.9,1.5,65903.475,118745,11.6847336
29,96,19.7,7.9,1.5,64568.256,132312,11.792918
29,97,20.5,7.9,1.5,68413.117,138769,11.840566
29,98,21.5,10.1,1.5,76233.024,149184,11.9129357
30,93,22.6,9.4,2,64939.49,158389,11.9728093
30,98,22.1,8,2,78537.69,160281,11.9846838
30,95,22.8,9.4,2,76593.864,167969,12.0315347
30,94,23.3,9.4,2,78479.655,180413,12.1030039
30,96,23.7,9.4,2,95809.824,181458,12.1087795
30,97,24.4,8,2,82706.686,185441,12.1304921
31,93,33.3,15,2.5,152791.87,294965,12.594612
31,94,36.5,15,2.5,139711.104,306384,12.6325945
31,95,38.2,15,2.5,160360.914,350133,12.7660684
31,96,36.9,15.3,2.5,164688.741,358799,12.7905176
31,97,39.8,18,2.5,168333.72,379130,12.8456344
31,98,46.1,18,2.5,191905.805,431249,12.9744409
32,93,29.3,14,1.7,107979.024,220816,12.3050851
32,94,30.8,14,1.7,96980.309,223973,12.3192808
32,95,30.1,14,1.7,88095.886,236182,12.372358
32,97,31.2,14,1.7,129826.11,254561,12.4472958
32,96,35.3,14,1.7,117554.852,278566,12.5374103
32,98,33.8,14,1.7,132378.064,282256,12.5505697
33,93,40.5,18,2,107407.155,246913,12.4167913
33,94,41.3,19,2,109383.615,282645,12.551947
33,95,39,19,2,104692.356,306118,12.6317259
33,97,39.9,20,2,118655.973,311433,12.6489395
33,96,41.2,19,2,144331.04,332560,12.7145756
33,98,40.1,18,2,138330,368880,12.8182267
34,93,28.8,13.8,2,56846.664,144648,11.8820585
34,94,30.7,14,2,68714.775,157965,11.9701288
34,95,33.5,14,2,77699.049,176991,12.0838542
34,96,33.9,14,2,105770.216,195148,12.1815135
34,97,36.3,14,2,119448.072,235134,12.3679108
34,98,40.4,14,2,141719.675,246469,12.4149915
35,93,25.2,13,2,48086.885,124901,11.7352767
35,94,27.8,13,2,48759.606,137739,11.8331159
35,95,29.3,13,2,50747.279,148819,11.9104861
35,96,32.4,13,2,58170.457,161137,11.9900102
35,97,36.3,16,2,79244.328,186897,12.1383129
35,98,39.2,16,2,84343.14,227340,12.334202
36,93,11.4,5,1.8,23274.108,64116,11.0684492
36,94,16.5,5,1.8,28398.656,89024,11.3966613
36,95,16.3,5,1.8,36923.802,102282,11.535489
36,97,19.7,8,1.8,59306.448,130058,11.7757358
36,96,20.3,5,1.8,44024.175,135459,11.8164243
36,98,22.9,8,1.8,71630.082,163539,12.0048068
37,93,26,10,2,68072.86,139780,11.847825
37,94,25.9,10,2,69493.648,149128,11.9125603
37,98,27.6,10,2,114756.588,170262,12.0450937
37,97,29.4,10,2,119832.579,189909,12.1543003
37,95,28.3,10,2,104082.188,189931,12.1544161
37,96,30.3,10,2,116759.247,208127,12.2459037
38,93,49,17,2,159792.724,303212,12.6221875
38,94,49.2,17,2,192964.506,359338,12.7920187
38,98,50.9,17,2,287087.551,456419,13.0311665
38,95,54.5,17,2,318313.772,459991,13.0389622
38,97,52.7,17,2,275795.04,465870,13.0516619
38,96,53.7,17,2,274386.55,477194,13.0756784
39,93,26,9.3,2,96428.67,165685,12.0178437
39,94,27.8,9.3,2,99223.062,188637,12.1475798
39,95,30.1,9.3,2,130983.435,208905,12.2496349
39,96,29,10,2,144722.622,215682,12.2815604
39,97,28.4,10.2,2,136885.496,217624,12.2905241
39,98,30.8,10.2,2,153399.952,235276,12.3685146
40,95,17.9,6.4,2,61155.551,107479,11.5850508
40,93,18,6.4,2,53692.496,108251,11.5922079
40,94,19.2,6.4,2,58292.394,117053,11.6703821
40,98,19.3,8,2,61463.412,117746,11.676285
40,97,20,6.4,2,66507.28,118763,11.6848852
40,96,19,6.4,2,64703.211,124669,11.7334175
41,93,21,7.4,2,47139.118,97799,11.4906696
41,98,18.9,7.5,2,66220.608,106464,11.5755622
41,94,21.8,7.4,2,57199.284,114858,11.6514519
41,97,21.1,7.4,2,72745.915,119845,11.6939545
41,95,24.1,7.4,2,69836.041,121033,11.7038185
41,96,23,7.4,2,72313.664,128672,11.7650218
42,93,26,10,2,85560.408,168426,12.0342518
42,94,30.2,10,2,108960.655,191495,12.162617
42,95,31.5,10,2,120320.13,197570,12.1938482
42,96,31,10,2,122813.558,222086,12.31082
42,97,32.3,10,2,150417.432,253228,12.4420455
42,98,34.6,11,2,161362.452,265836,12.4906349
43,93,19,11,2,32568.354,96642,11.4787687
43,94,21.2,11,2,43211.172,111369,11.6206043
43,95,23,11.2,2,77886.354,142649,11.8681423
43,96,25.5,12.2,2,97835.712,156788,11.9626499
43,97,25,12.2,2,95377.65,168810,12.0365291
43,98,25.1,12,2,102251.324,177212,12.085102
44,94,17,5.4,2,27847.992,68088,11.1285563
44,98,19.2,6.4,2,29134.427,76069,11.2393961
44,93,18,5.4,2,33882.324,83454,11.3320509
44,97,19.8,6.4,2,41524.51,86690,11.3700938
44,95,17.8,33.1,2,44874.414,93294,11.4435111
44,96,18.7,5.4,2,55031.952,95376,11.4655823
45,93,22,7.4,1,61732.488,126501,11.7480055
45,94,23.4,7.8,1,61117.972,142799,11.8691933
45,95,21.3,7.9,1,74378.216,153674,11.9425888
45,97,25.3,9.1,1,97584.06,172410,12.0576306
45,98,26.5,9.1,1,96131.189,178351,12.0915088
45,96,26.3,7.4,1,86468.732,181657,12.1098756
46,97,25.6,16,2,87048.633,142937,11.8701593
46,94,26.5,16,2,67578.264,144398,11.8803287
46,95,27.1,16,2,61430.436,149103,11.9123926
46,93,29,16,2,64590.091,149861,11.9174635
46,96,25,16,2,73725.89,150461,11.9214592
46,98,30.7,16,2,103206.322,186293,12.135076
47,93,23,8.1,2,60640.735,117749,11.6763105
47,94,23.3,8.1,2,56984.431,133453,11.8015046
47,95,23.8,8.1,2,71467.461,148581,11.9088855
47,96,24.7,8.1,2,91137.859,182641,12.1152778
47,98,25.5,8.1,2,104478.967,189617,12.1527615
47,97,27.9,8.1,2,98983.292,194849,12.1799802
48,93,27,9.2,2,55057.016,143752,11.8758449
48,94,28.8,9.2,2,70656.063,169439,12.0402483
48,95,27.8,9.2,2,79797.564,172722,12.0594386
48,96,30.1,9.2,2,88444.755,200555,12.2088438
48,97,30.5,9.2,2,93628.056,210874,12.2590161
48,98,30.6,9.2,2,103737.483,217479,12.2898576
49,93,10,5.1,1,10169.335,40195,10.6014979
49,94,10.3,5.1,1,11012.646,42033,10.6462103
49,95,12.6,5.1,1,18562.418,53494,10.8873248
49,97,13.9,5.1,1,30481.908,58732,10.98074
49,96,14,5.1,1,29086.4,64925,11.080988
49,98,15.1,5.1,1,31809.062,72458,11.1907624
50,95,37.8,14.7,2.5,126831.768,210684,12.2581147
50,93,39,17.8,2.5,101380.149,212537,12.2668714
50,94,37,17.8,2.5,113577.552,220968,12.3057732
50,98,47.4,17.8,2.5,148905.082,223246,12.3160296
50,96,38.6,17.8,2.5,138950.629,231971,12.3543676
50,97,42.9,17.8,2.5,125742.184,239966,12.3882525
51,94,18.4,6.4,2,41627.108,87086,11.3746514
51,96,17.2,6.4,2,48258.042,89866,11.406075
51,93,19,7.2,2,42038.904,91788,11.4272368
51,97,18.5,8.4,2,56055.398,101366,11.526493
51,95,18.5,6.4,2,57843.6,101480,11.527617
51,98,20.1,9.1,2,66856.813,118751,11.6847841
52,94,27.6,8.6,2,55009.581,137181,11.8290565
52,93,27,8.6,2,52801.254,145458,11.8876427
52,95,27.6,8.6,2,125305.488,165748,12.0182238
52,96,28.3,8.6,2,87516.224,176444,12.0807588
52,97,28.1,8.6,2,94755.328,185069,12.128484
52,98,30.7,8.6,2,85237.96,228520,12.339379
53,94,15.5,7,2,28990.306,77722,11.2608936
53,95,17.4,7,2,38434.242,83191,11.3288944
53,93,15,7,2,26036,92000,11.4295439
53,97,20,7,2,52807.08,95665,11.4686078
53,96,18,7,2,43163.704,103016,11.5426396
53,98,20,7,2,48678.528,111648,11.6231063
54,93,30,14,2.5,65545.354,153502,11.9414689
54,95,32.2,14,2.5,74513.486,168202,12.0329209
54,94,32.3,14,2.5,85309.648,183857,12.1219136
54,96,35.5,14,2.5,115682.97,201890,12.2154783
54,97,42.5,14,2.5,125459.855,239885,12.3879149
54,98,43,14,2.5,168358.5,311775,12.6500371
55,93,16,7.7,2,29325.883,77377,11.2564449
55,94,18.1,7.7,2,32554.836,87513,11.3795426
55,95,22.8,6.7,2,50183.1,111518,11.6219413
55,97,23.4,7.7,2,60789.39,130170,11.7765966
55,96,23,7.7,2,61414.875,132075,11.7911252
55,98,24.7,7.7,2,55287.071,133867,11.804602
56,94,17.4,10,1,53525.619,87891,11.3838527
56,95,19.5,10,1,46699.591,88279,11.3882575
56,93,18,10,1,43994.055,91085,11.4195484
56,97,24.2,12,1,42431.378,104254,11.5545855
56,98,22.6,12,1,46976.288,105328,11.5648346
56,96,22,10,1,50940.95,108385,11.593445
57,94,6.4,5.6,1,15169.572,38307,10.5533879
57,98,6.8,5.6,1,17700.685,40505,10.6091807
57,95,6.8,5.6,1,18487.542,42209,10.6503887
57,97,7.9,5.5,1,19897.76,43256,10.6748912
57,93,8,5.5,1,18361.746,46722,10.7519704
57,96,8.6,5.6,1,23841.145,49157,10.8027745
58,93,20,10,2,51921.9,115382,11.6560036
58,95,22,10,2,63961.125,134655,11.8104712
58,94,20.2,10,2,57216.256,134944,11.8126152
58,97,20.6,10,2,67350.678,140901,11.8558128
58,98,22.4,10,2,65371.152,141496,11.8600267
58,96,22.9,10,2,70608.275,148649,11.9093431
59,93,11,4.4,2,22307.502,47362,10.7655755
59,95,11.9,4.6,2,31835.307,55559,10.9252008
59,94,11.9,4.6,2,28259.563,58997,10.9852419
59,96,12.6,4.6,2,35655.189,66397,11.1034072
59,97,13.8,4.4,2,36401.94,67411,11.1185635
59,98,17.1,7.5,2,41122.056,80004,11.2898319
60,93,13,6,1,23458.89,60151,11.0046133
60,94,14.2,6,1,25499.298,70246,11.1597586
60,95,14.5,6,1,67076.048,86216,11.3646111
60,96,15.7,7.5,1,43286.586,96838,11.4807948
60,97,18.5,6,1,52036.654,98929,11.5021577
60,98,20.4,6,1,78684.151,123523,11.7241827
61,94,7.5,7,1,15546,41456,10.6323879
61,95,7.5,7,1,18237.719,44591,10.7052873
61,97,8.9,7,1,21455.883,46341,10.7437824
61,93,8,7,1,17469.36,48526,10.789855
61,96,7.6,7,1,15444.718,49187,10.8033846
61,98,9.4,7,1,25343.592,59214,10.9889133
62,96,20.5,13.8,2.5,57778.24,106210,11.5731735
62,97,20.6,14,2.5,68362.623,120569,11.6999775
62,98,22.5,14.9,2.5,57957.381,125721,11.7418204
62,94,20.4,13,2.5,45855.249,126323,11.7465974
62,93,23,13.8,2.5,54955.584,127212,11.7536103
62,95,18.3,13.8,2.5,59398.416,128568,11.7642132
63,93,35,19.8,2,106339.653,257481,12.4587012
63,94,36.7,19.8,2,134960.95,278270,12.5363471
63,95,41,18.8,2,140267.424,335568,12.7235799
63,96,47.5,18.8,2,197561.43,406505,12.9153515
63,97,50.3,23.8,2,208851.363,467229,13.0545748
63,98,59.5,19.7,2,301639.96,569132,13.2518677
64,93,27,15,2,85357.539,144429,11.8805433
64,94,28.8,15,2,102743.83,153349,11.9404716
64,96,30,17,2,108532.86,175053,12.0728441
64,95,31.3,15,2,120269.772,175833,12.07729
64,98,31,15,2,104916.24,183420,12.1195339
64,97,28.7,15,2,94774.32,185832,12.1325983
65,93,8,3.7,1.5,11827.728,29868,10.304543
65,94,9.1,3.7,1.5,13284.48,35904,10.488604
65,95,10.2,3.7,1.5,29895.531,42769,10.6635688
65,96,11.5,3.7,1.5,17250.131,46247,10.7417519
65,97,11,3.7,1.5,26774.618,55549,10.9250208
65,98,11.8,3.7,1.5,50093.204,84049,11.3391552
66,93,17,11.5,2,28597.645,56629,10.9442765
66,94,19.8,13,2,47485.76,87290,11.3769912
66,95,19.9,13,2,49007.35,100015,11.5130755
66,97,24.3,13,2,63232.6,111325,11.6202091
66,96,23.8,13,2,76769.836,134213,11.8071834
66,98,24,13,2,79910.964,149646,11.9160278
67,93,16,11,2,35823.915,69561,11.1499593
67,95,17.1,12,2,50214.288,96752,11.4799063
67,94,18.3,12,2,52432.172,106138,11.5724954
67,97,17.9,12,2,51199.29,110106,11.6091988
67,96,19,12,2,53681.892,110913,11.6165014
67,98,17.8,12,2,58545.378,117561,11.6747126
68,93,18,12.5,2,44015.204,89644,11.4036015
68,94,18.8,13,2,53162.844,110068,11.6088536
68,95,23,26,2,73570.89,138813,11.840883
68,96,22.7,13,2,87403.08,154970,11.9509868
68,98,22.9,13,2,106764.03,175023,12.0726727
68,97,24.2,13,2,106697.195,176359,12.080277
69,93,28,16,2,101719.296,113526,11.6397872
69,96,31.9,16,2,90686.16,148180,11.906183
69,94,32.6,16,2,107592.88,156385,11.9600762
69,95,31.1,16,2,110253.876,164804,12.0125122
69,97,28.8,16,2,148140.12,170276,12.0451759
69,98,28.5,16,2,146839.995,180615,12.104123
70,93,25,12,2,71604.654,133342,11.8006725
70,94,26.4,12,2,85214.904,147176,11.8993844
70,95,23.8,12,2,91938,153230,11.9396953
70,96,27.4,12,2,108960.254,185939,12.1331739
70,98,31.3,12,2,116835.768,211659,12.2627318
70,97,32.1,12,2,111594.735,218385,12.2940148
71,93,11,6.6,1,21086.076,61836,11.032241
71,94,12.2,6.6,1,25473.47,69410,11.1477862
71,95,12.3,7.6,1,35535.192,76916,11.2504692
71,96,12.9,7.6,1,42409.444,79717,11.2862381
71,98,10.8,7.6,1,42695.1,81324,11.3061965
71,97,12.8,7.6,1,47057.214,91551,11.4246515
72,93,22,10,2,53834.382,103131,11.5437553
72,94,23.3,9.7,2,60975.6,128100,11.7605665
72,96,28.1,12,2,79200,144000,11.8775686
72,95,28.7,12,2,82976.076,158958,11.9763953
72,97,35.2,12,2,103402.503,188347,12.1460413
72,98,34.6,12,2,101751.954,197961,12.1958253
73,94,17.3,14,2,47839.779,123617,11.7249434
73,93,19,14,2,52867.02,131510,11.7868382
73,95,20,14,2,76401.226,147778,11.9034664
73,98,21.4,14,2,88812.864,154189,11.9459344
73,96,23.3,14,2,80222.349,154571,11.9484088
73,97,22.1,14,2,93028.1,161788,11.9940421
74,93,13,8,2,24982.76,56779,10.9469218
74,94,14.2,8,2,31051.21,69778,11.1530741
74,95,15.5,8.5,2,41578.158,86802,11.3713849
74,96,19.6,8.5,2,57036.98,117845,11.6771255
74,97,21.6,8.5,2,64630.77,126727,11.7497904
74,98,22.6,8.5,2,71225.334,136447,11.8236915
75,93,19,13,2,28612.692,85924,11.3612185
75,94,22,13,2,30852.915,96115,11.4733007
75,95,19.8,13,2,37034.624,105212,11.5637326
75,96,21,13,2,47691.65,129950,11.774905
75,97,23,13,2,61336.872,173268,12.0625948
75,98,26.4,15,2,71877.312,190656,12.158226
76,93,24,18,2,62039.217,150947,11.9246841
76,94,24.5,15,2,65392.515,161463,11.9920313
76,96,27,15,2,77269.716,178452,12.0920749
76,97,28.7,18,2,82739.496,190644,12.1581631
76,95,27.1,15,2,74635.096,191864,12.1645421
76,98,32.8,25,2,124494.048,240336,12.3897932
77,93,24,12,2,55493.791,119857,11.6940546
77,94,26.1,14,2,67596.165,148563,11.9087644
77,95,29.4,14,2,78398.604,161314,11.9911081
77,96,31,14.5,2,99475.618,202598,12.218979
77,97,31.5,17,2,100349.865,202727,12.2196155
77,98,32,14.5,2,95819.294,213406,12.2709517
78,93,20,12,1.5,43431.96,101240,11.5252492
78,94,20.5,12,1.5,50180.037,116427,11.6650197
78,95,22.3,12,1.5,57706.272,123304,11.7224081
78,97,22.8,12,1.5,56426.448,140016,11.849512
78,96,22.9,12,1.5,66019.305,141977,11.8634204
78,98,27.2,12,1.5,67691.633,191761,12.1640051
79,95,18.7,12.5,2,29762.505,87795,11.3827598
79,96,16.8,16,2,34443.696,93597,11.4467536
79,93,20.7,16,2,29308.887,96729,11.4796685
79,94,20.5,16,2,30126.217,98131,11.4940586
79,97,20.4,18,2,36771.014,111766,11.6241627
79,98,21.5,18,2,40402.037,111917,11.6255128
80,93,54.5,26,3,145631.634,317973,12.6697218
80,94,55.4,26,3,172657.446,349509,12.7642846
80,95,53.8,26,3,200902.65,373425,12.8304725
80,96,54.1,26,3,172520.205,402145,12.904568
80,97,63.1,26,3,223071.696,492432,13.1071117
80,98,72.5,26,3,285928.658,569579,13.2526528
81,93,34.4,18.5,3,77032.056,222636,12.3132934
81,94,37,18.5,3,85104.804,265124,12.4879529
81,95,38.6,20,3,119560.854,280002,12.542552
81,96,40.4,18.5,3,149220.288,313488,12.6555164
81,98,38.4,18.5,3,199606.05,316835,12.6661364
81,97,40.5,18,3,160901.896,329717,12.70599
82,98,20.3,13,2,43079.166,101842,11.5311779
82,93,20.7,17.2,2,35753.072,109672,11.6052494
82,97,22.1,13,2,44118.784,119888,11.6943133
82,94,23.8,10.4,2,35002.935,120285,11.6976192
82,96,25.2,10.5,2,36247.825,125425,11.7394632
82,95,24.4,14,2,52062.192,128232,11.7615964
83,93,19.9,14.5,2,30618.538,76931,11.2506642
83,94,19.8,14.5,2,33501.204,90057,11.4081981
83,96,22.4,14.5,2,33146.75,94705,11.4585221
83,98,24.3,12,2,32989.704,96744,11.4798236
83,95,22.6,12,2,33534.468,98054,11.4932736
83,97,22.5,12,2,33968.433,103879,11.550982
84,93,20.7,10,2,30733.324,94274,11.4539607
84,95,19.9,10,2,41859.77,108445,11.5939984
84,94,21.9,10,2,36999.396,113148,11.636452
84,96,19.7,10,2,45645.652,121076,11.7041737
84,98,23,12,2,43741.278,121842,11.7104804
84,97,21.3,12,2,54409.95,131425,11.7861916
85,93,34.9,17.8,2,58783.263,164659,12.0116319
85,98,37.3,18,2,96397.37,180182,12.1017227
85,97,36.1,18,2,156904.688,182024,12.1118938
85,94,35.5,17.8,2,58450.215,192905,12.1699531
85,95,32.5,17.8,2,69003.931,197719,12.1946021
85,96,29.1,17.8,2,59174.384,202652,12.2192455
86,93,34.1,28.5,3,73433.25,212850,12.268343
86,94,38,28.5,3,89390.08,214880,12.277835
86,95,36.8,28.5,3,125160.06,266298,12.4923713
86,96,40.3,28,3,157904.275,313925,12.6569094
86,97,44.9,29,3,164557.386,373146,12.829725
86,98,49.3,29,3,193107.114,391698,12.8782464
87,93,22.4,12,2,65623.72,166136,12.020562
87,97,22.1,12,2,87108.626,184162,12.1235711
87,98,22.8,12,2,82671.163,188317,12.145882
87,94,24.5,11,2,89107.248,200692,12.2095267
87,96,22.7,12,2,65522.4,218408,12.2941202
87,95,24.6,12,2,89283.864,218833,12.2960642
88,93,24,10.9,3,42389.9,121114,11.7044875
88,94,27,13.7,3,98609.768,208919,12.2497019
88,95,28.8,13.5,3,73055.44,222730,12.3137156
88,96,31.7,13.5,3,116658.291,263337,12.4811899
88,97,31.3,18,3,140293.516,306988,12.6345639
88,98,36.8,18,3,147587.306,320146,12.6765324
89,93,17,11.5,2,52927.6,101200,11.524854
89,98,18.1,11.5,2,74366.721,112167,11.6277441
89,94,18.8,16,2,52227.896,123179,11.7213939
89,95,19.2,10.9,2,62596,125192,11.7376038
89,96,17.2,10.9,2,62396.8,125800,11.7424486
89,97,18.7,11.5,2,75673.14,136348,11.8229657
90,98,6.3,12,2,15776.778,37834,10.5409634
90,93,10.8,10.8,2,24947.577,52301,10.8647708
90,94,10.6,10.7,2,23518.986,53574,10.8888192
90,96,9.3,10.9,2,20664.126,54667,10.9090155
90,97,9.5,12,2,19421.695,54709,10.9097835
90,95,10.6,12,2,23827.019,59419,10.9923693
91,93,22.8,20.8,2,47405.625,126415,11.7473254
91,94,26,20.8,2,79588.56,156056,11.9579702
91,95,29.3,17.5,2,138007.065,197435,12.1931647
91,97,29,20.8,2,120597.08,207926,12.2449375
91,96,30.2,20.8,2,104144.463,213849,12.2730254
91,98,29.3,20.8,2,76820.805,222669,12.3134416
92,93,15.7,12,2,25628.304,82142,11.3162047
92,95,16.8,17,2,22381.542,83826,11.3364985
92,94,14.8,12,2,35507.57,89215,11.3988045
92,96,22.5,12,2,59659.717,127751,11.7578383
92,97,27.1,20,2,63675.101,154177,11.9458566
92,98,29.8,20,2,92604.065,163901,12.0070179
93,93,29.6,16,2,67476.502,169966,12.0433537
93,95,29,13.5,2,78559.471,170411,12.0459684
93,94,30.2,16,2,82603.925,173903,12.066253
93,96,28.4,16,2,98138.194,182413,12.1140286
93,97,29.6,13.5,2,66504.718,202142,12.2167257
93,98,30.2,13.5,2,93577.679,213161,12.269803
94,93,23,9,2,59143.848,147124,11.899031
94,94,23.4,9,2,75687.088,160354,11.9851392
94,96,27.1,9,2,75892.096,169402,12.0400299
94,95,24.6,9,2,80338.416,179728,12.0991999
94,97,33.5,21,2,107283.816,265554,12.4895735
94,98,38.1,21,2,151431.978,338774,12.7330885
95,93,11.8,6.3,1.5,24353.28,47565,10.7698525
95,97,9.3,6.5,1.5,27192.445,50827,10.836183
95,96,10,6,1.5,24168.76,51205,10.8435925
95,94,11.4,6.4,1.5,38272.65,51650,10.8522455
95,98,9.2,6.5,1.5,27596.052,51678,10.8527874
95,95,10.4,6.4,1.5,24757.648,53357,10.8847605
96,93,15.9,11.5,3,35004.717,62397,11.0412725
96,94,19.3,13.5,3,57484.224,120512,11.6995046
96,95,24.3,15.7,3,75766.096,163289,12.0032769
96,96,32.5,11.5,3,90104.752,233432,12.3606461
96,97,36.6,15.9,3,130936.355,294239,12.5921476
96,98,42.9,15.2,3,185115.72,362972,12.802081
97,93,24.6,17.9,2,49372.696,124052,11.7284561
97,94,24.8,14,2,48295.217,145907,11.8907247
97,95,24.5,17,2,66210.9,157645,11.9681009
97,97,27.7,15.5,2,72755.577,171999,12.0552439
97,96,26.1,17,2,66912.266,175163,12.0734722
97,98,26.3,15,2,111194.37,196110,12.186431
98,93,22.5,15.4,2,34381.04,121060,11.7040416
98,95,23.7,15,2,49357.35,130575,11.7797031
98,94,25.1,16,2,41996.01,135471,11.8165129
98,96,24.4,15,2,53494.582,138587,11.8392536
98,97,25.2,15,2,61443.592,143896,11.8768461
98,98,24.2,15,2,68649.658,153923,11.9442078
99,93,17.4,9,2,40349.088,79584,11.2845683
99,95,18.8,9.9,2,42809.637,102661,11.5391876
99,96,19.5,9.9,2,40427.52,107520,11.5854322
99,94,19.1,9.9,2,41187.096,110718,11.6147417
99,97,19.3,12,2,76642.2,113544,11.6399457
99,98,24.3,12,2,60241.95,133871,11.8046319
100,93,17.6,6.3,2,22443.21,83123,11.3280767
100,94,18.1,8.4,2,21815.136,86568,11.3686855
100,95,18.8,8.8,2,40581.222,111794,11.6244132
100,96,21.5,7.3,2,55161.886,146318,11.8935376
100,97,23.2,7.5,2,70154.24,158720,11.9748969
100,98,24.4,8.1,2,69916.077,161469,11.9920685
101,93,18.3,12,2,35293.104,114588,11.6490984
101,94,17.9,12,2,32635.9,118676,11.6841524
101,96,17.9,12,2,41658.384,119708,11.6928107
101,95,18.5,14.8,2,50441.85,128025,11.7599808
101,98,19.5,12,2,57246.576,138948,11.841855
101,97,19.1,12,2,52514.625,140039,11.8496762
102,95,22.8,15.2,1.5,71208.429,124273,11.730236
102,94,23.6,15.3,1.5,67084.992,127296,11.7542704
102,93,22,15.2,1.5,65125.928,127448,11.7554637
102,96,29.4,15.2,1.5,127315.034,236206,12.3724596
102,97,38.8,20,1.5,232414.143,352677,12.7733079
102,98,54.2,15,1.5,281472.38,490370,13.1029155
103,93,43.1,15,3,130392.264,260264,12.4694518
103,94,44,15,3,101569.685,265195,12.4882207
103,95,49.9,15,3,180686.625,303675,12.6237133
103,96,48.3,15,3,199105.248,396624,12.890744
103,97,47.6,17,3,218508.108,400198,12.8997147
103,98,48.8,17,3,178074.816,418016,12.943275
104,93,24.7,11,2,55329.12,119760,11.693245
104,95,25,10.5,2,73748.756,153964,11.9444741
104,96,25.7,11,2,70712.66,162185,11.9964929
104,97,26.4,12,2,73304.1,162898,12.0008795
104,98,25.4,12.5,2,87166.287,163539,12.0048068
104,94,28,11,2,92174.904,165188,12.0148395
105,93,12.8,9,1.5,30556.392,49444,10.808596
105,94,12,9,1.5,35060.74,51865,10.8563995
105,96,13.5,9,1.5,27710.078,52382,10.8663183
105,95,12.9,14.5,1.5,35341.506,54039,10.8974613
105,97,14.3,14,1.5,33143.334,57741,10.9637228
105,98,12.3,14,1.5,33717.06,62439,11.0419454
106,93,15.3,13,2,41129.46,80646,11.2978245
106,95,16.5,15,2,30201.912,81848,11.3126191
106,94,16.3,15,2,30648.453,84431,11.3436899
106,96,16.1,13,2,29780.19,89430,11.4012115
106,97,20.5,16,2,44289.072,102521,11.5378229
106,98,24.7,16,2,49734.848,129856,11.7741814
107,93,38.1,18,3,73947.266,221399,12.3077218
107,94,40.4,18,2,90349.176,252372,12.4386595
107,95,41.7,18,2,119057.84,270586,12.5083453
107,96,50.5,18,2,146473.299,332139,12.7133088
107,97,50.8,18,2,181697.972,353498,12.7756331
107,98,53.8,18,2,201783.695,391813,12.87854
108,93,23.4,13.5,2.5,41212.732,136466,11.8238308
108,94,27.3,13.5,2.5,60634.308,169844,12.0426356
108,97,27.8,14,2.5,60963.064,185863,12.1327651
108,95,28.5,13,2.5,68570.795,191005,12.1600549
108,98,26.7,13.5,2.5,73471.882,202961,12.2207691
108,96,31.9,12.5,2.5,111025.518,213922,12.2733667
109,93,47,34,3,82816.885,233287,12.3600247
109,94,49.9,34,3,104576.092,262754,12.4789735
109,95,56.6,31.2,3,138373.64,294412,12.5927354
109,97,60.9,34,3,177585.825,336975,12.727764
109,96,60.7,36,3,201194.46,385430,12.8621149
109,98,59.3,45.1,4,218587.572,391734,12.8783383
110,94,16.8,15,1,46240.809,103447,11.5468147
110,93,18,15,1,45278.376,105544,11.5668832
110,98,20.4,13,1,48316.122,115866,11.6601896
110,95,17.3,15,1,43337.623,116813,11.6683296
110,97,21,15,1,54388.24,131056,11.78338
110,96,19,15,1,49318.5,134750,11.8111765
111,93,20,10,1,49447.584,101744,11.5302151
111,94,19.3,9.6,1,56344.48,112240,11.6283947
111,95,19.3,10,1,64820.448,117216,11.6717737
111,97,26.2,12,1,64152.51,131730,11.7885097
111,96,23.8,12,1,73276.596,159644,11.9807016
111,98,24.3,12,2,72904.51,164570,12.0110913
112,93,13,11,1,12803.472,48498,10.7892778
112,94,13,11,1,14260.896,49517,10.8100713
112,95,15.6,11,1,13148.067,57921,10.9668353
112,98,14.3,9,1,18814.46,58430,10.9755847
112,96,16.3,11.5,1,14415.698,59569,10.9948906
112,97,16,11,1,17150.273,61033,11.01917
113,93,11,8,1,16921.356,51906,10.8571897
113,94,15.3,8,1,39231.876,95223,11.4639768
113,95,17.3,8,1,49679.357,120289,11.6976525
113,96,20,9,1,79725.92,146555,11.8951561
113,97,21.9,10,1,74228.249,158947,11.9763261
113,98,26,19.6,1.5,101541.088,208076,12.2456587
114,93,18,8,2,27865.89,91065,11.4193288
114,95,18.5,8,2,39524.025,108285,11.5925219
114,94,19.8,8,2,40150.41,116378,11.6645988
114,97,21.8,9,2,45897.696,124722,11.7338425
114,96,20.4,8,2,40314.599,124813,11.7345719
114,98,21.5,10,1,52861.01,134165,11.8068257
115,94,7.3,6.5,1,11739.528,37992,10.5451309
115,95,7,6.5,1,12850.596,40284,10.6037096
115,96,8.4,6.5,1,15815.226,43211,10.6738504
115,93,8,6.5,1,15516.972,44589,10.7052425
115,98,9,7.5,1,16722.709,44833,10.7106998
115,97,10,6.5,1,19484.5,51275,10.8449586
116,93,15,14,2,20957.704,71528,11.1778443
116,94,16.5,14,2,22647.756,87782,11.3826117
116,95,25.1,8,2,59687.768,122311,11.7143223
116,96,24.1,8,2,71450.647,142049,11.8639273
116,97,25.3,9,2,48483.516,143868,11.8766515
116,98,25.8,18,2,57746.372,149602,11.9157337
117,93,15,10,2,23896.908,69874,11.1544489
117,94,14.8,10,2,27786.624,72361,11.1894228
117,96,16.5,12,2,26937.077,76309,11.2425462
117,97,18.1,10,2,27387.36,77805,11.261961
117,95,15.8,10,2,32148.298,79183,11.2795169
117,98,17.5,12,1,41151.012,94818,11.4597145
118,93,11,5,1,23238.15,45565,10.7268952
118,95,11.9,5,1,22751.659,48511,10.7895459
118,97,10.9,5.5,1,20180.4,50451,10.8287578
118,96,11.8,6,1,33843.6,53550,10.8883711
118,94,11.2,5,1,21712.857,55249,10.9196055
118,98,11.3,7,1,30355.444,59404,10.9921168
119,98,7,9,2,9926.616,30828,10.3361786
119,97,9.4,8,2,15583.204,38668,10.5627677
119,94,8,9,2,16637.8,40580,10.6110306
119,95,9.4,9,2,12341.602,41002,10.6213761
119,93,10,9,2,12343.617,41561,10.6349175
119,96,10.1,9,2,13132.84,42364,10.6540542
120,93,11,6.5,1,11412.872,38557,10.5598929
120,98,11,9,1,22821.051,45551,10.7265879
120,94,11,6.2,1,16455.296,46748,10.7525268
120,96,12.1,6.5,1,15733.584,47248,10.7631656
120,97,11.9,6.5,1,17799.088,47338,10.7650686
120,95,11.1,6.5,1,14496.345,47529,10.7690953
121,94,19,11.5,2,21395.658,94254,11.4537485
121,93,19,11.5,2,21422.898,94374,11.4550209
121,97,20.9,12,2,31019.968,114044,11.6443396
121,95,18.2,11.5,2,21343.82,115372,11.655917
121,96,20.8,11.5,2,22647.69,116142,11.6625689
121,98,37.3,25,3,57810.61,202135,12.2166911
122,93,13,12,2,12635.05,54935,10.9139059
122,94,12.8,12,2,15572.172,58542,10.9774997
122,95,13.3,12,2,16572.321,59399,10.9920327
122,96,14,12,2,18075.75,65730,11.0933107
122,97,15,12,2,18938.844,70932,11.169477
122,98,13,13,2,19275.959,71129,11.1722504
123,93,14,7,1,21498.802,57026,10.9512626
123,95,11.7,7,1,22450.124,61172,11.0214448
123,94,14,7,1,27456.102,70946,11.1696743
123,97,15.1,7,1,27017.088,73416,11.2038972
123,96,14,7,1,32751.554,78353,11.2689795
123,98,17.2,7,2,42538.661,96899,11.4814245
124,93,10,6.5,2,6409.575,35025,10.4638174
124,94,10,6.5,2,11407.578,41786,10.6403166
124,95,10.7,6.5,2,11663.406,45207,10.7190072
124,96,13.3,6.5,2,15982.125,48875,10.7970213
124,98,11.2,12,1,17844.96,54240,10.9011739
124,97,14.7,7,2,15840.965,55195,10.9186276
125,93,11,9.8,1,10598.744,47528,10.7690743
125,94,11.3,9.8,1,18443.034,53927,10.8953866
125,95,12,9.8,1,20987.04,60832,11.0158712
125,96,12.9,9.8,1,21272.64,66477,11.1046113
125,97,14.6,10,1,20545.65,72090,11.1856706
125,98,16.3,10,1,29244.699,98467,11.4974767
126,93,12,12,1,23718.24,52128,10.8614575
126,94,12.8,12,1,30970.576,64792,11.0789374
126,95,13.2,12,1,29312.745,76137,11.2402896
126,96,16,12,1,39050.347,83263,11.3297596
126,97,18.9,13,1,55300.014,98574,11.4985628
126,98,22.8,20,1,77510.178,125421,11.7394314
127,93,10,6,2,15152.544,43047,10.6700478
127,97,14.8,7,2,20491.848,65679,11.0925345
127,96,14.2,6,2,24366.417,67497,11.1198384
127,98,14.3,10,2,26665.92,67680,11.122546
127,94,14,6,2,27395.712,71343,11.1752545
127,95,14,6,2,26501.178,73006,11.1982969
128,93,18,14,1,37026.207,67443,11.1190381
128,96,17.7,14,1,29506.066,80398,11.2947446
128,94,18.1,14,1,31723.816,83704,11.335042
128,97,17.8,14,1,36782.051,84947,11.3497828
128,95,17.5,14,1,32975.059,87467,11.3790169
128,98,19.5,18,1,40686.448,93104,11.4414724
129,93,20,20.8,2,44019.388,115234,11.6547201
129,94,20,22,2,59334.24,141272,11.8584424
129,95,23.5,22,2,68722.357,168851,12.0367719
129,96,27.1,22,2,83031.96,188709,12.1479614
129,97,27.5,22,2,96498.807,215881,12.2824826
129,98,36.4,20,2,134828.694,291837,12.5839507
130,94,13.2,8,2,33148.392,67512,11.1200606
130,93,13,8,2,33467.632,70906,11.1691103
130,95,13.8,8,2,29446.232,73432,11.2041151
130,96,14,8,2,32368.348,73732,11.2081922
130,97,13.9,8,2,34475.016,81309,11.306012
130,98,14.5,13,2,38393.655,82567,11.3213654
131,93,17,11,2,46342.83,99662,11.5095397
131,94,17.3,11,2,49691.232,108972,11.5988462
131,98,18.2,10.5,2,57322.61,121963,11.711473
131,95,19.6,11,2,52857.948,123212,11.7216617
131,96,19.1,11,2,64268.89,131161,11.7841809
131,97,18.9,12,2,57521.2,143803,11.8761996
132,93,22,13,2,54714.204,129348,11.7702617
132,95,20.1,8,2,52454.077,130159,11.7765121
132,96,19.6,10,2,57509.664,135636,11.8177301
132,94,22.1,8,2,58377.48,138994,11.842186
132,97,21.7,9,2,59238.527,147727,11.9031213
132,98,22.7,12,2,71079.75,157955,11.9700655
133,93,20,15,1,21307.018,65966,11.0968947
133,94,18.8,10,1,27800.838,81289,11.305766
133,95,19.3,10,1,24779.325,86945,11.373031
133,98,20,15.7,1,33174.472,92408,11.4339688
133,96,20.5,12,1,27394.332,93178,11.4422669
133,97,21.9,12,1,25577.37,93690,11.4477467
134,93,19,9.5,2,31939.615,92045,11.4300329
134,97,20.3,10,2,54701.784,119176,11.6883567
134,95,18.7,10,2,46164.58,119908,11.6944801
134,94,19.7,9.5,2,45192.994,121814,11.7102506
134,96,18.9,11,2,47822.529,124863,11.7349724
134,98,20.8,8,2,63075.402,127683,11.7573059
135,93,12,6,1,20787.114,66201,11.1004508
135,94,12.3,6,1,30774.984,67489,11.1197199
135,95,11.5,6,1,31251.616,83116,11.3279925
135,96,13,7,1,38471.517,87237,11.3763838
135,97,15.3,7,1,43822.194,102869,11.5412116
135,98,16,6.5,1,58095.236,105436,11.5658594
136,93,9,6,1,14282.784,49593,10.811605
136,94,8.3,6,1,20991.807,58473,10.9763204
136,95,7.8,6,1,21991.2,62475,11.0425218
136,96,8.8,7,1,27112.072,65806,11.0944663
136,98,10.8,7,1,36849.839,65921,11.0962123
136,97,10.7,6,1,26476.06,67028,11.1128657
137,93,9,7,2,16013.204,38867,10.5679008
137,94,34.7,20,1,71252.8,178132,12.0902801
137,97,32.6,20,1,105509.015,187405,12.1410273
137,98,29.5,20,2,67946.494,189266,12.1509087
137,95,29.1,20,1,95001.626,193486,12.1729604
137,96,32.3,20,1,88580.965,197285,12.1924047
138,93,15,14,1,38946.6,78680,11.2731443
138,94,15.9,14,1,44153.046,96194,11.4741223
138,95,16.5,14,1,43079.852,98807,11.5009237
138,96,17.7,14,1,48160.125,108225,11.5919677
138,97,18.7,14,1,56143.35,110085,11.6090081
138,98,17.7,15,1,61918.587,120699,11.7010551
139,93,19,13,1,42649.908,106892,11.5795743
139,94,19.3,13,1,42779.03,115619,11.6580556
139,95,20.7,13,1,54243.369,131979,11.7903981
139,97,20.3,13,1,62367.966,147442,11.9011902
139,98,21.1,12,2,52522.816,147536,11.9018275
139,96,22.5,13,1,61054.965,150753,11.923398
140,93,16,10,1,28553.063,66869,11.1104908
140,98,12.5,9,1,26012.816,70687,11.166017
140,94,16.1,10,1,32733.666,74226,11.2148698
140,96,16.5,10,1,32380.691,75833,11.2362888
140,97,16,10,1,30968.73,76466,11.2446015
140,95,17.1,10,1,32199.68,84736,11.3472958
141,98,9.8,15,1,15787.632,39568,10.585776
141,94,12.6,11,2,17008.265,41585,10.6354948
141,95,11.9,11,2,17445.483,44847,10.711012
141,93,12,11,2,17095.848,49126,10.8021437
141,96,11.8,11,2,22095.608,50678,10.8332472
141,97,12.1,12,2,17963.968,51034,10.8402474
142,93,29,18,2,55286.236,142124,11.8644552
142,94,28.1,18,2,69890.963,161411,11.9917092
142,95,29.6,18,2,107177.292,195579,12.1837197
142,96,32.9,18,2,92691.561,198483,12.1984587
142,97,33.7,20,2,73309.549,221479,12.3080831
142,98,38.9,18,3,96577.312,232157,12.3551691
143,94,4.5,4,1,8191.833,21729,9.9864031
143,93,5,4,1,8757.12,22805,10.0347351
143,97,6.7,5,1,11937.015,25671,10.1531172
143,95,5.4,4,1,11442.052,27308,10.214935
143,96,6.9,4,1,15199.848,28044,10.24153
143,98,6.4,4.5,1,15172.738,29291,10.2850356
144,94,10.7,6,1,30695.925,64623,11.0763257
144,95,10.9,6,1,29443.505,64711,11.0776865
144,93,11,6,1,28745.504,67796,11.1242585
144,96,12.2,7,1,33997.45,79994,11.2897069
144,97,13.6,7,1,37687.272,86044,11.3626141
144,98,13.4,6.8,2,42428.783,86413,11.3668934
145,93,25,14,1,58095.735,104677,11.5586347
145,94,25.6,14,1,36719.69,111610,11.6227659
145,95,25.6,14,1,45514.973,124019,11.7281901
145,97,25.7,15,1,55834.569,126609,11.7488589
145,96,27.1,14,1,49848.62,134726,11.8109984
145,98,27.1,17,2,63607.593,154763,11.9496502
146,93,7,5,1,13634.25,36358,10.5011695
146,95,6.2,5,1,16587.99,40958,10.6203024
146,94,7.4,5,1,17076.322,43898,10.689624
146,96,7.3,5,1,18458.832,44912,10.7124603
146,97,7.9,5,1,20715.332,45932,10.7349173
146,98,8.3,5,1,24153.955,53795,10.8929358
147,94,15,10,1,23727.648,66464,11.1044157
147,93,15,10,1,23229.57,69342,11.1468061
147,95,15.5,10,1,22343.508,73018,11.1984613
147,96,15.8,12,1,24150.218,81041,11.3027105
147,97,18,10,1,30416.397,87153,11.3754205
147,98,21.2,18,1,45232.11,123585,11.7246845
148,93,12,9,2,12977.171,40177,10.60105
148,96,10.6,9,2,14050.5,41325,10.6292229
148,95,11,9,2,13417.42,41540,10.6344121
148,97,10.6,9,2,13018.922,41594,10.6357112
148,98,9.8,8,2,13043.962,41674,10.6376327
148,94,11.5,9,2,15330.15,46455,10.7462394
149,93,15,8,1,25288.978,88423,11.3898874
149,94,16.2,8,1,29887.431,95487,11.4667454
149,98,13.1,9.7,1,34900.935,95619,11.4681268
149,95,16.2,9,1,31503.304,99694,11.5098608
149,96,16.1,9.5,1,36641.052,102636,11.538944
149,97,16.4,8,1,36881.95,110425,11.6120918
150,93,7,13,1,11212.425,33075,10.406533
150,98,8.3,5.1,1,12221.351,37837,10.5410427
150,97,9.7,13,1,14400.233,46303,10.742962
150,96,10.5,13,1,15790.125,48585,10.7910701
150,95,8.7,13,1,18938.025,51885,10.856785
150,94,8.7,13,1,18552.512,52706,10.8724846
151,93,6,6,1,10382.424,24258,10.0965017
151,96,7,6,1,13742.302,28511,10.2580453
151,95,7.5,6,1,13566.531,30081,10.311649
151,94,7.8,6,1,14727.756,32948,10.4026858
151,97,7,6,1,13534.479,33921,10.4317896
151,98,6,4,1,11405.916,34252,10.4415002
152,93,13,8,2,24727.51,60311,11.0072698
152,94,14,8,2,32424.056,73192,11.2008414
152,96,16.7,9,2,33579.825,77195,11.25409
152,95,16,8,2,36539.84,82112,11.3158394
152,97,16.7,9,2,38297.107,90967,11.4182521
152,98,18.6,7,2,44659.072,96248,11.4746835
153,93,17,6.4,1,17964.71,53626,10.8897893
153,94,16.1,6.5,1,23801.532,61662,11.0294231
153,95,17,6.5,1,25380.432,67144,11.1145948
153,96,19.4,7,1,25688.96,72980,11.1979407
153,97,19.5,8,1,49656.908,85468,11.3558973
153,98,19.4,8,1,29359.032,92324,11.4330594
154,93,26,19,2,31942.736,104048,11.5526076
154,94,23.6,12,2,37866.096,113712,11.6414242
154,96,24.6,12,2,59160.072,129737,11.7732646
154,95,24.7,12,2,46383.845,132905,11.7973899
154,98,22.4,13,3,64869.38,158218,11.9717291
154,97,23.3,12,2,67216.018,159658,11.9807893
155,93,15,7,2,49960.448,97579,11.4884176
155,94,16,7,2,34539.89,101290,11.525743
155,95,16.4,7,2,47603.05,116105,11.6622502
155,96,18.1,7,2,64144.976,123832,11.7266811
155,97,19.5,7,2,63622.768,131452,11.786397
155,98,22.2,13,2,67249.09,162046,11.9956355
156,93,37,35,2,48516.288,170832,12.0484359
156,94,41.7,35,2,111800.007,243573,12.403172
156,95,44.8,35,2,179210.726,348659,12.7618496
156,96,56.1,35,2,213632.485,480073,13.0816935
156,97,60.6,35,2,291172.864,522752,13.1668624
156,98,63.8,33.9,2,311882.994,597477,13.3004711
157,93,24,18,2,31667.784,71004,11.1704915
157,94,23.4,21.2,2.5,36259.86,79692,11.2859245
157,95,21.8,18,2.5,39191.812,80476,11.2957143
157,96,30.2,18,2,37082.673,82959,11.3261018
157,97,29.1,18,2,55409.756,114958,11.6523221
157,98,30.9,18,2,66331.317,124449,11.7316513
158,93,18,15,2,31279.68,97749,11.4901582
158,94,20,13.9,2,44891.23,106630,11.5771202
158,95,21.8,15,2,56045.193,136363,11.8230757
158,96,23.9,15,2,73431.45,163181,12.0026153
158,97,24.2,15,2,83371.932,184044,12.1229301
158,98,26.5,15,2,70892.234,198023,12.1961385
159,94,15.4,15.3,1,25539.06,63530,11.0592675
159,95,14.1,15,1,27058.304,66976,11.1120896
159,93,15,15,1.5,24631.67,79457,11.2829713
159,96,16.9,15,1,43846.517,91157,11.4203386
159,97,20,15,1,50401.26,98826,11.501116
159,98,21.3,15,1,54864.435,116485,11.6655178
160,94,13,13.8,1,31027.608,46588,10.7490983
160,93,13,15,1.5,29498.144,49328,10.8062472
160,96,19.3,15,2,34545.535,68407,11.1332304
160,95,17.4,15,1,36778.184,72398,11.189934
160,98,20.5,15,1,50015.961,80541,11.2965217
160,97,26.9,15,1,66386.875,106219,11.5732583
161,93,22,19,2,57229.08,121764,11.70984
161,97,21.6,19,2,62954.492,137756,11.8332393
161,94,23.7,19.6,1,58434.159,139461,11.8455403
161,96,26.8,19,2,72810.704,160376,11.9852763
161,98,24.8,19,2,72711.855,168705,12.0359069
161,95,26.3,19,1,69776.08,171440,12.0519886
162,94,12,17.6,1.5,29074.995,64755,11.0783662
162,96,12.2,17.5,1.5,32353.63,75241,11.2284516
162,93,14,17.5,2,31721.76,75528,11.2322587
162,97,13.2,17.5,1.5,34636.44,78010,11.2645923
162,98,13.2,17.5,1.5,34693.022,78491,11.2707392
162,95,12.1,17.5,1.5,31162.032,78692,11.2732968
163,93,21,17,2,23363.184,74882,11.2236688
163,94,19.1,18.2,2.5,20112.615,78873,11.2755942
163,96,22.6,17,2.5,31100.96,94820,11.4597356
163,95,22.5,17,2.5,36139.152,102088,11.5335905
163,97,21.2,17.8,2.5,44685.08,108988,11.5989931
163,98,21.4,18.2,2.5,59941.785,128355,11.7625551
164,94,33.5,13.8,1,79006.303,131897,11.7897766
164,93,31,13,2,82850.304,161817,11.9942213
164,95,34.6,17.5,1,59649.12,165692,12.0178859
164,96,40.4,17.5,1,73230.62,182620,12.1151628
164,97,48,17.5,1,133726.32,212940,12.2687657
164,98,45.2,17.5,1,147113.976,271428,12.5114522
165,94,25.6,19.7,1,73005.774,134697,11.8107831
165,96,24.6,20,1,53488.05,138930,11.8417255
165,93,25,20,1.5,62048.412,139122,11.8431065
165,95,25.1,20,1,65067.28,143320,11.8728352
165,98,26.4,20,1,59259.228,159299,11.9785382
165,97,27.6,20,1,66097.842,160822,11.9880534
166,93,22,14,2,60087.774,178302,12.091234
166,94,28.7,14.2,1,95659.335,205719,12.2342664
166,95,32,14,1,99458.685,245577,12.4113658
166,96,32.6,14,2,99048.224,281387,12.5474862
166,97,33.7,16,3,116933.625,288725,12.57323
166,98,40.8,16,3,127012.872,318328,12.6708376
167,94,20.5,13,1,22706.9,61370,11.0246764
167,93,18,13,1.5,27440.244,62082,11.0362114
167,95,24,13,1,33841.818,74706,11.2213157
167,96,19.8,13,2,38051.871,75053,11.2259498
167,98,26.1,13,2,49517.475,94319,11.4544379
167,97,24.2,13,2,47270.758,106706,11.5778327
168,93,14,14.5,1,26202.27,63138,11.0530781
168,94,14,14.3,1,25876.002,72078,11.1855041
168,95,17,14.5,1,36786.802,101621,11.5290055
168,96,18.1,14.5,1,41808.261,102723,11.5397913
168,98,17.5,14.5,1,51319.8,114044,11.6443396
168,97,19.8,14.5,1,46160.636,114259,11.6462231
169,93,14,9,2,26618.207,65401,11.0882928
169,94,14.3,9.3,1,33726.432,74616,11.2201102
169,95,13.6,9,1,42113.196,82092,11.3155958
169,96,16.5,9,1,48886.968,96424,11.4765104
169,98,18,9,1,50564.28,97239,11.4849271
169,97,19.1,9,1,56897.504,104591,11.5578128
170,94,9.3,7.1,2,17703.435,39605,10.5867107
170,95,9.3,7.5,2,19621.657,43507,10.6806771
170,93,10,7,1.5,18450.775,44675,10.7071693
170,96,9.3,7.5,2,20751.819,47487,10.7682113
170,97,11.2,7.5,2,26628.096,52008,10.8591528
170,98,11.8,7.5,2,24315.384,54888,10.91305
171,93,11,5,1,8632.08,28395,10.2539684
171,97,10,8.5,1,15611.664,29072,10.2775308
171,94,9.5,5.6,1.5,14970.286,29762,10.3009877
171,98,9.5,8.5,1,15614.37,29970,10.3079522
171,96,11.5,8.5,1.5,7730.58,30316,10.3194309
171,95,10.6,8.5,1.5,12155.704,32329,10.3837199
172,94,11.1,10.8,1,11660.928,30367,10.3211118
172,96,8.3,10.5,1,11174.94,30870,10.3375401
172,97,9,10.5,1,12280.071,31247,10.3496787
172,93,12,10.5,1,10212.466,32014,10.3739286
172,95,10,10.5,1,11728.545,32133,10.3776388
172,98,9.2,10.5,1,14722.872,32287,10.38242
173,95,9.5,7.5,2,20152.16,37880,10.5421785
173,94,11.5,7.3,2,20595.651,39531,10.5848405
173,96,9.3,7.5,2,21772.744,43372,10.6775694
173,97,10.8,7.5,2,22266.205,43745,10.6861326
173,98,11.4,7.5,2,21606.225,46465,10.7464546
173,93,12,7.5,2,21352.602,49542,10.8105761
174,97,8.5,13,1,22449.798,46193,10.7405836
174,93,10,13,1,17369.37,50346,10.8266745
174,95,10,13,2,19462.432,55291,10.9203654
174,94,10.2,12.5,2,18656.625,57405,10.9578867
174,98,10,13,1,17525.3,57460,10.9588443
174,96,10,13,2,22864.92,58628,10.9789677
175,93,12,9,1,28042.443,65367,11.0877728
175,97,12.9,14.5,2,30691.611,72557,11.1921277
175,95,14,14.5,2,36266.916,76191,11.2409986
175,94,14.1,9.9,2,29572.112,80359,11.2942594
175,96,13.4,14.5,2,37163.4,80790,11.2996085
175,98,20.9,14.5,2,41844.66,126802,11.7503821
176,94,17.9,9.7,1,28050.064,76223,11.2414185
176,96,17.2,10.5,1,51480.166,81199,11.3046582
176,97,18.6,10.5,1,49106.344,81572,11.3092413
176,93,19,9.5,2,27171.87,82339,11.3186002
176,95,18.5,10.5,1,27959.085,88759,11.3936801
176,98,17.7,10.5,1,48121.392,91139,11.4201411
177,93,9,12.5,1.5,20340.45,41175,10.6255866
177,94,5.4,12.9,1,13354.6,47695,10.7725818
177,95,7.7,12.5,1,22137.73,76337,11.242913
177,97,8.9,12.5,1,37348.588,77972,11.2641051
177,96,8.6,12.5,1,33891.459,84941,11.3497122
177,98,11.1,12.5,1,32551.337,87269,11.3767506
178,95,14.3,12,1.5,23846.444,73828,11.2094933
178,93,15,11,1.5,22506.54,78420,11.2698343
178,94,15.8,12,1.5,25081.056,81432,11.3075236
178,97,17.9,12,1.5,21873.888,83808,11.3362837
178,96,17.5,12,1.5,27895.79,94562,11.457011
178,98,18,12,1.5,24739,95150,11.4632099
179,95,15.9,10,1.5,28336.904,86393,11.3666619
179,94,18.3,10,1.5,29508.6,86790,11.3712467
179,96,17.3,10,1.5,29296.012,88241,11.387827
179,93,19,10,1.5,28313.506,94694,11.4584059
179,97,17.5,10,1.5,29458.816,96904,11.4814761
179,98,18.9,10,1.5,30896.866,103334,11.5457217
180,93,19,29.3,1.5,49526.547,119919,11.6945718
180,96,22.7,25,1.5,77180.85,151335,11.9272512
180,95,24.9,27,1.5,73639.49,165482,12.0166177
180,98,26.7,25,1.5,86886.208,172736,12.0595197
180,94,24.8,34,1.5,70417.605,175605,12.0759924
180,97,29,25,1.5,87724.824,192379,12.1672227
181,93,22,26,1.5,30700.788,82529,11.320905
181,94,22.9,26,1.5,33880.733,87097,11.3747777
181,95,22,26,1.5,31407.822,88974,11.3960995
181,96,22.5,26,1.5,27349.35,93025,11.4406236
181,97,23.6,26,1.5,28727.92,96080,11.4729365
181,98,25,26,1.5,30579.444,109998,11.6082175
182,97,4.6,5.2,1,7958.886,23547,10.0667537
182,98,4.7,4,1,8649.984,25744,10.1559569
182,96,8.1,6,1,12387.916,37313,10.5270971
182,94,7,7,1,13730.938,37414,10.5298002
182,95,7.6,7,1,12223.935,37845,10.5412541
182,93,9,7,1,20260.08,53316,10.8839918
183,93,27,18.7,2,56147.543,129671,11.7727558
183,94,27.4,18.7,2,53237.509,132103,11.7913372
183,95,25.9,18.7,2,58696.764,135246,11.8148506
183,98,27.4,19.7,2,54760.632,153822,11.9435514
183,97,25.6,19.1,2,55487.73,156745,11.9623756
183,96,27.4,19.1,2,59678.625,159143,11.9775584
184,95,37.3,22.9,2,102118.329,203829,12.2250367
184,94,38.7,22.9,2,153638.8,207620,12.2434648
184,93,42,22.9,2,131232.192,210308,12.2563284
184,98,44.3,22.9,2,119668.966,232819,12.3580166
184,97,39.7,22.9,2,115060.111,240209,12.3892647
184,96,43.1,22.9,2,130532.133,251507,12.4352261
185,95,14.4,11,1,19351.878,64722,11.0778565
185,94,15.3,11,1,18800.606,65054,11.082973
185,93,17,11,1,17931.347,69233,11.1452329
185,96,16.5,11,1,21078.9,70263,11.1600006
185,97,15.1,11,1,22260.4,76760,11.248439
185,98,15.7,11,1,23726.78,83545,11.3331407
186,93,28,18.1,1.5,30077.684,113074,11.6357978
186,96,28.4,18.1,1.5,52147.368,133029,11.7983224
186,94,29.3,18.1,1.5,49761.897,135591,11.8173983
186,95,28.6,18.1,1.5,45636.758,136637,11.8250831
186,97,31.7,18.1,1.5,72668.968,211247,12.2607833
186,98,33.6,18.1,1.5,87713.731,214459,12.2758739
187,93,15,12,1.5,24457.208,62872,11.0488562
187,94,15,12,1.5,31219.312,63974,11.066232
187,95,13.2,12,1.5,25651.08,68040,11.127851
187,96,14.8,12,1.5,31056.567,72057,11.1852128
187,98,15.4,12,1.5,25873.224,76548,11.2456733
187,97,16,12,1.5,31271.752,87842,11.383295
188,94,33.6,22,1.5,45817.97,157993,11.970306
188,93,37,22,1.5,45442.159,160573,11.9865039
188,95,34.1,22,1.5,41656.808,167971,12.0315466
188,97,34.9,8.2,1.5,56639.658,178674,12.0933182
188,98,31.9,8.2,1.5,73167.696,180216,12.1019114
188,96,34.5,22,1.5,54106.136,182791,12.1160987
189,93,24,14,1,39924.369,119893,11.694355
189,94,25,14.9,1,37340.96,127880,11.7588476
189,95,26.5,15.7,1,39894.668,143506,11.8741321
189,96,28.8,15.7,1,57606.03,166974,12.0255934
189,97,29.7,15.7,1,57694.872,175899,12.0776652
189,98,29.1,14.7,1,63324.305,181445,12.1087079
190,94,11.1,10.3,1,12417.543,51101,10.8415593
190,93,11,10.3,1,14038.44,53994,10.8966282
190,96,11.6,10.3,1,17815.732,56738,10.9461995
190,95,11,10.5,1,17739.381,57409,10.9579564
190,97,11,10.4,1,18501.117,59109,10.9871385
190,98,11.3,12.5,1,18118.802,60598,11.0120172
191,96,11.8,10.3,1,25265.91,78710,11.2735255
191,94,13.5,10.3,1,29442.942,80226,11.2926029
191,95,13,13,1,31494.925,81805,11.3120936
191,93,13,10.3,1,24840.24,85656,11.3580946
191,97,13.8,10.3,1,32764.857,85997,11.3620677
191,98,13.6,10.3,1,36620.98,87610,11.3806504
192,93,12,6.3,1,16248.432,48648,10.792366
192,94,12.8,6.3,1,18885.91,51043,10.8404237
192,95,11.6,6.3,1,20516.172,55151,10.9178302
192,96,11.4,6.3,1,21348.06,61345,11.0242689
192,97,12.2,6.3,1,24289.735,61493,11.0266786
192,98,12.2,6.3,1,29353.59,72478,11.1910383
193,93,22,10.1,2,34034.373,121987,11.7116698
193,94,23,10.1,2,37324.28,133301,11.800365
193,95,21.8,10.1,2,41662.852,135269,11.8150207
193,97,25.2,10.1,2,46985.4,138600,11.8393474
193,96,25.4,10.1,2,42498.82,159770,11.9814906
193,98,26.5,14,2,62691.804,162414,11.9979039
194,98,11.6,6.6,1.5,24368.268,49529,10.8103136
194,95,11.3,7,1.5,22970.655,50045,10.8206779
194,94,12.2,7,1.5,30901.014,56286,10.9382011
194,96,12,7,1.5,26193.819,57823,10.9651419
194,93,12,7,1.5,26443.808,58504,10.9768504
194,97,12,7,1.5,33092.412,67261,11.1163359
195,98,12.1,7,1.5,12943.392,34608,10.4518401
195,93,12,25,1.5,12464.4,39950,10.595384
195,96,13.2,7,1.5,17416.005,41765,10.6398139
195,95,13.6,7,1.5,16528.98,42382,10.654479
195,94,12.5,7,1.5,16135.522,43966,10.6911719
195,97,12.2,7,1.5,13011.774,45978,10.7359183
196,93,20,10,1.5,75262.53,153597,11.9420876
196,94,25.5,10,1.5,102425.102,212942,12.2687751
196,95,28.9,10,1.5,119829.941,222319,12.3118686
196,96,28.8,23,1.5,113746.464,224352,12.3209715
196,97,58.7,37.3,2.5,225838.044,415908,12.9382194
196,98,58.3,37.3,2.5,298464.274,462019,13.0433613
197,93,14,7.6,1.5,22166.512,65776,11.0940103
197,95,13.6,7.6,1.5,19412.74,69830,11.153819
197,97,13.3,10.8,1.5,25929.19,69890,11.1546779
197,98,13.2,10.8,1.5,25075.384,75076,11.2262562
197,94,14.9,7.6,1.5,22883.296,75274,11.2288901
197,96,15.5,7.6,1.5,32675.481,77247,11.2547634
198,95,8,6.5,1,5726.448,22724,10.0311769
198,96,9.4,6,1,8813.106,28801,10.2681654
198,94,9,6.5,1,8512.784,29456,10.2906529
198,97,8.7,6,1,8135.37,30131,10.3133098
198,98,10.9,6,1,7239.304,37316,10.5271775
198,93,11,6.5,1,9329.584,38236,10.5515328
199,97,11,10,1.5,19573.12,41120,10.6242499
199,96,11.3,10,1.5,19528.605,41997,10.6453535
199,93,13,10,1.5,17644.76,43460,10.6795963
199,95,11.9,10,1.5,17177.55,44850,10.7110789
199,98,11.5,10,1.5,17704.386,46837,10.7544288
199,94,14.8,10,1.5,19570.032,54972,10.9145792
200,93,34,15.8,2,56689.402,218878,12.2962698
200,94,34.6,17,2,62846.511,230207,12.3467342
200,95,35.4,17,2,92654.144,263222,12.4807531
200,97,36.9,17,2,87795.825,270141,12.5066993
200,96,39.3,17,2,97389.496,283109,12.5535873
200,98,40.7,18,2,111624.868,313553,12.6557237
201,93,20,14,2,45138.674,111179,11.6188968
201,94,19.3,14,2,41160.013,117937,11.6779059
201,97,20.5,17,2,41380.892,120644,11.7005993
201,95,20.2,17,2,39160.96,122378,11.7148699
201,96,21.7,17,2,40798.248,125148,11.7372523
201,98,24,17,2,51040.976,144592,11.8816713
202,98,13,7,1,14175.468,52308,10.8649046
202,96,11.6,7,1,14861.22,55660,10.927017
202,97,13.6,7,1,20641.436,62173,11.0376761
202,95,13.3,7,1,20077.785,63739,11.0625519
202,93,14,7,1,22529.448,67656,11.1221913
202,94,14.7,7,1,26245.061,72701,11.1941104
203,93,14,6.6,1.5,23781.92,62584,11.0442649
203,94,15.6,7.2,1.5,26289.772,75982,11.2382517
203,95,14.7,6.4,1.5,24647.701,77753,11.2612924
203,96,15,6.8,1.5,29437.848,79134,11.2788979
203,97,14.1,6.8,1.5,28440.477,81027,11.3025377
203,98,15,6.4,1.5,34977.204,84486,11.3443411
204,93,16,8,2,19268.073,63591,11.0602272
204,94,15.2,8,2,19163.928,64743,11.0781809
204,95,15.3,8,2,20131.151,68707,11.1376064
204,96,14.7,8,2,19331.676,70812,11.1677838
204,97,15.2,8,2,21342.813,73343,11.2029023
204,98,15.2,8,2,26452.618,81143,11.3039683
205,93,17,7.8,1.5,14186.445,57435,10.9584092
205,94,17.6,7.8,1.5,14390.908,60466,11.0098365
205,95,15.8,7.8,1.5,17925.004,61387,11.0249534
205,96,17.3,10,1.5,31576.698,78549,11.2714779
205,97,18.8,10,1.5,37580.668,103814,11.5503561
205,98,19.4,10,1.5,34504.925,106169,11.5727874
206,93,18,14,2,36261.57,105106,11.5627246
206,96,18.8,14,2,42544.645,112255,11.6285283
206,95,16.9,14,2,39799.262,114038,11.644287
206,94,17,14,2,39820.551,114099,11.6448218
206,97,17.5,14,2,41628.956,116282,11.6637736
206,98,18.5,14,2,47211.745,192701,12.168895
207,93,37.5,28.5,1.5,59764.875,159373,11.9790026
207,94,36.5,28.5,1.5,62461.245,162237,11.9968135
207,95,35.1,28.5,1.5,58891.482,167782,12.0304208
207,98,36.1,29,1.5,81679.44,177564,12.0870864
207,97,33.7,28.5,1.5,71433.369,179031,12.0953143
207,96,36.5,28.5,1.5,70015.182,197783,12.1949257
208,93,18.1,13,1,19010.859,73401,11.2036928
208,94,18.8,16,1,18261.476,85334,11.3543282
208,95,19.7,16,1,30214.548,101052,11.5233905
208,96,22.5,16,1,45214.1,130300,11.7775948
208,97,22.9,16,1,47736.864,142074,11.8641033
208,98,22.8,18,1,60276.516,144548,11.8813669
209,94,12.2,14,1.5,24757.678,42466,10.656459
209,93,12.9,14,1.5,18997.76,46336,10.7436745
209,97,14.8,14,1.5,25248.672,55008,10.9152339
209,95,12.5,13.5,1.5,32199.702,58866,10.983019
209,96,13.9,13.5,1.5,48603.2,59200,10.9886768
209,98,14.6,14,1.5,23674.278,60087,11.0035488
210,94,19.2,16.5,1.5,20404.45,74198,11.2144925
210,93,16.9,16.5,1.5,20948.4,75900,11.237172
210,95,18.5,16.5,1.5,26382.816,87072,11.3744906
210,96,19.1,16.5,1.5,33842.585,102865,11.5411727
210,98,17,16.5,1.5,53093.84,119312,11.6894972
210,97,18.8,16.5,1.5,47706.894,131787,11.7889423
211,93,16.7,15,2,38716.28,66295,11.1018698
211,94,18.5,16.3,2,35913.025,74975,11.22491
211,95,20.7,17,2,42927.482,87074,11.3745136
211,96,23,17,2,44968.764,101281,11.5256541
211,97,27,17,2,37822.032,108684,11.5961999
211,98,28.2,17,2,42124.784,112034,11.6265577
212,94,10.2,8,1,19857.9,53670,10.8906095
212,93,12.1,8.1,1,19733.73,55745,10.928543
212,95,11.9,8,1,20866.524,65618,11.0916053
212,96,13.3,8,1,23337.548,69046,11.1425282
212,98,15.1,8,1,37052.472,78501,11.2708666
212,97,14.7,8,1,34393.301,86633,11.3694361
213,95,11.4,10,1,10150.58,35002,10.4631605
213,94,11.4,10,1,9177.22,39052,10.5726494
213,93,11,10,1,7162.373,41401,10.6310603
213,96,11.4,10,1,13330.24,47608,10.7707561
213,97,11.5,10,1,16439.306,48637,10.7921398
213,98,12.3,10,1,16438.766,54433,10.9047259
214,93,17.2,12,1.5,30217.584,82113,11.3158516
214,95,18.2,12,1.5,36680.476,90346,11.411402
214,94,17,12,1.5,31411.184,94612,11.4575396
214,97,24,13,1.5,39474.02,103879,11.550982
214,98,23.3,13,1.5,36418.499,104351,11.5555155
214,96,25,11.5,1.5,44615.088,113814,11.6423208
215,97,27.2,9,1,36210.816,105264,11.5642268
215,96,26.3,9.5,1,28481.496,108708,11.5964207
215,94,22.2,25.2,1,40982.25,109286,11.6017236
215,93,22.8,24.6,1,46625.832,114279,11.6463981
215,98,24.5,9.5,1,44896.078,117529,11.6744404
215,95,23.3,26,1,47220.924,122334,11.7145103
216,96,7.6,8.4,1,11568.133,18749,9.8388957
216,98,7.4,8.5,1,8172.595,19505,9.8784261
216,93,8,8.4,1,8212,20530,9.9296425
216,94,7,8.4,1,10414.404,22542,10.0231355
216,95,6.4,8.4,1,12592.972,23671,10.0720059
216,97,8.4,8.4,1,8980.08,25296,10.1384016
217,93,30,11.8,1.5,56484,125520,11.7402204
217,94,30,11.8,1.5,61826.304,138624,11.8395205
217,95,30.3,11.8,1.5,70588.98,142604,11.8678268
217,96,31.6,11.8,1.5,69323.841,145333,11.8867829
217,97,29.8,11.8,1.5,73661.575,155077,11.951677
217,98,30.9,11.8,1.5,93844.59,157722,11.9685893
218,93,21.5,11,2,45319.85,105395,11.5654705
218,94,20.9,11,2,39601.738,105887,11.5701278
218,96,19.8,11,2,52113.642,122046,11.7121533
218,97,19.2,11,2,52345.035,124335,11.7307348
218,95,22.1,11,2,50255.232,130873,11.7819827
218,98,20.9,11,2,63326.874,132483,11.7942096
219,93,22.4,15,2,50118.159,140387,11.8521582
219,94,25.3,15,2,52528.682,151817,11.9304311
219,95,29,15,2,61301.911,179771,12.0994391
219,96,31.1,15,2,78624,196560,12.188723
219,97,30.7,15,2,82529.543,211073,12.2599593
219,98,31.5,15,2,90057.682,215449,12.2804795
220,93,16.7,18,1,35120.343,78569,11.2717325
220,94,16.5,18,1,42410.976,85506,11.3563418
220,95,15.8,18,1,47333.853,87171,11.375627
220,97,16.1,18,1,38143.863,90603,11.4142426
220,96,17.1,18,1,50721.319,98107,11.493814
220,98,25.1,18,1,55707.525,134235,11.8073473
221,93,19.5,30,2,66529.224,119228,11.6887929
221,94,26.8,30,2,72624.084,166569,12.0231649
221,98,34.6,30,2,69506.705,183395,12.1193976
221,95,32.3,30,2,103205.745,198855,12.2003312
221,97,40.7,30,2,85997.374,226906,12.3322911
221,96,40.8,30,2,122043.945,251637,12.4357429
222,95,4.8,7.6,1,7650.84,24760,10.1169847
222,93,5.2,7.6,1,9134.98,27515,10.2224866
222,94,5.9,7.6,1,10907.856,30384,10.3216714
222,96,6.5,7.6,1,8682.025,31571,10.3599943
222,97,9,7.6,1,10226.342,47126,10.7605801
222,98,10.2,8,1,12990.471,52593,10.8703383
223,93,12.8,4,1.5,18799.62,55293,10.9204016
223,94,13,4,1.5,24536.83,56930,10.9495777
223,95,13,4,1.5,21971.904,60864,11.0163971
223,96,12.1,4,1.5,20987.558,62837,11.0482994
223,98,13.5,4,1.5,23378.868,66042,11.0980462
223,97,13.1,4,1.5,20456.31,70539,11.163921
224,93,26.7,32.5,1,70081.554,126501,11.7480055
224,94,23.3,13.5,1,70702.982,138362,11.8376287
224,97,28.1,13.5,1,90946.626,153886,11.9439673
224,95,23.3,13.5,1,82630.862,157994,11.9703123
224,96,26.5,13.5,1,96799.752,165753,12.018254
224,98,30.8,13,1,91058.184,177156,12.084786
225,94,20.6,11.5,1.5,49209.692,108871,11.597919
225,95,21.9,11.5,1.5,61575.472,112364,11.6294989
225,93,22.6,11.6,1.5,63599.415,121605,11.7085334
225,97,22,11.5,1.5,74157.972,143717,11.8756014
225,98,22.7,11.5,1.5,79725.6,147640,11.9025322
225,96,24.6,11.5,1.5,79644.276,155252,11.9528049
226,96,5.7,2.5,1,4625.61,14410,9.5756777
226,95,5.2,2.5,1,3924.141,16419,9.7061945
226,98,7.5,2,1,7907.198,20974,9.9510389
226,97,6.7,2.5,1,6142.77,22751,10.0323644
226,94,6,2.5,1,4516.776,22812,10.035042
226,93,6.5,2.5,1,4414.65,23235,10.053415
227,93,15.5,20,1,10259.496,45396,10.7231793
227,94,17,20,1,10759.63,46781,10.7532324
227,95,17.6,20,1,9753.744,46893,10.7556237
227,98,20,20,1,18645.285,58085,10.9696627
227,96,20.3,20,1,16837.24,60133,11.0043141
227,97,19.3,20,1,17806.404,60566,11.011489
228,93,20,22.5,2,16466.872,76948,11.2508851
228,94,22.4,22.5,2,19959.828,78582,11.2718979
228,95,22.1,22.5,2,21478.518,83574,11.3334877
228,98,21.2,24,2,31047.292,85766,11.3593779
228,97,23.3,22.5,2,30144.468,93908,11.4500709
228,96,22.5,22.5,2,30861.229,102529,11.537901
229,93,23.2,13,1,25902.712,107036,11.5809205
229,94,25.5,13,1,37182.24,130464,11.7788526
229,96,25.2,13,1,48017.928,134504,11.8093492
229,95,23.8,13,1,39171.148,146161,11.892464
229,97,25.8,13,1,52874.556,148108,11.905697
229,98,25.6,13,1,55128.064,160256,11.9845278
230,93,11.8,17,1,25143.552,56124,10.9353188
230,95,12.5,17,1,18674.774,61837,11.0322572
230,94,13.2,17,1,23655.288,62913,11.0495081
230,96,13.3,17,1,21104.82,68970,11.1414269
230,97,16.1,17,1,18770.533,74783,11.2223459
230,98,19.1,17,1,28072.712,92956,11.4398815
231,93,14.8,20,1.5,15674.911,57841,10.9654531
231,97,18,20,1.5,11118.583,73633,11.2068486
231,94,18.4,20,1.5,13826.967,73941,11.2110228
231,96,18.7,20,1.5,11136.776,78428,11.2699363
231,95,18,20,1.5,9555.128,78968,11.276798
231,98,16.5,20,1.5,13889.688,80754,11.2991628
232,93,9.1,17,1,10991.602,37514,10.5324695
232,94,9.1,17,1,12859.392,39936,10.5950335
232,95,10,17,1,13858.943,46043,10.737331
232,96,12.3,17,1,17735.185,59315,10.9906175
232,97,14.2,17,1,23511.34,69151,11.1440478
232,98,15.6,17,1,31282.875,83421,11.3316554
233,93,23.6,20,1.5,69467.788,102763,11.5401806
233,94,25.1,20,1.5,71529,119215,11.6886839
233,95,25.8,20,1.5,62994.4,128560,11.764151
233,96,29.3,20,1.5,75575.99,147035,11.8984259
233,97,29.3,20,1.5,78571.344,154668,11.9490362
233,98,28.4,20,1.5,85296.616,182648,12.1153161
234,94,54,35.5,2,166180.907,346933,12.756887
234,93,56.7,27.3,2,217465.248,353028,12.7743027
234,95,66.6,35.5,2,272932.398,508254,13.1387366
234,96,65.8,35.5,2,286571.659,523897,13.1690504
234,97,66.8,35.5,2,275777.2,586760,13.2823712
234,98,82.3,39,2,376731.558,727281,13.4970682
235,93,16,8,2,22000.788,71898,11.1830037
235,94,19.1,8,2,35146.488,92248,11.4322359
235,96,19.9,8,2,39408.46,95420,11.4660435
235,95,18.7,8,2,43138.316,97598,11.4886123
235,97,22.4,8,2,38793.025,99725,11.5101717
235,98,21.8,8,2,39434.208,112029,11.626513
236,93,26.5,25,2,54463.99,132839,11.7968931
236,94,27.4,22.6,2,51235.488,175464,12.0751892
236,98,29.8,26,2,64365.178,179791,12.0995503
236,96,29.2,25,2,57679.602,183693,12.1210212
236,97,27.7,25,2,75484.28,184108,12.1232778
236,95,26.6,25,2,52944.74,197555,12.1937723
237,93,12,11,1,15573.012,42783,10.6638961
237,94,10.3,11,1,21237.378,49853,10.816834
237,96,11.9,11,1,24486,53000,10.8780472
237,95,11.1,11,1,25963.212,53643,10.8901063
237,98,13.8,11,1,27140.472,57501,10.9595576
237,97,13.3,11,1,24430.983,61539,11.0274264
238,95,12.4,6.5,1,9828.086,36266,10.4986359
238,94,13.4,6.5,1,8469.078,38149,10.5492548
238,96,11,6.5,1,10344.208,38888,10.568441
238,97,12.1,6.5,1,12801.78,40770,10.6157018
238,98,10.7,6.5,1,12250.628,40972,10.6206442
238,93,12,6.5,1,11317.482,46574,10.7487977
239,97,14.1,16,1,12401.532,52998,10.8780095
239,96,14.1,16,1,14637.568,57856,10.9657124
239,98,14.2,16,1,12174.96,57976,10.9677844
239,95,14.6,16,1,13881.8,69409,11.1477718
239,94,14.5,16,1,16579.318,69661,11.1513959
239,93,13.9,16,1,9927.22,69910,11.154964
240,93,18.9,13,1,45684.456,88024,11.3853648
240,94,20.2,13,1,59816.745,111807,11.6245294
240,95,21.9,13,1,62664.81,117570,11.6747892
240,96,21.1,13,1,75952.799,124309,11.7305257
240,97,22.3,13,1,75059.58,150420,11.9211867
240,98,24,13,1,92006.388,164886,12.0130096
241,94,7,10,1,11187.904,25312,10.1390339
241,97,9.1,10,1,10083.864,26124,10.1706097
241,96,8.3,10,1,9755.858,27251,10.2128455
241,93,7.6,10,1,7870.194,30154,10.3140729
241,95,8.3,10,1,10506.466,30278,10.3181767
241,98,9.5,10.5,1,11711.824,34046,10.4354678
242,97,7.1,7.5,1,11114.418,29958,10.3075517
242,98,8.9,7.5,1,13433.63,31241,10.3494866
242,93,7.9,7.5,1,11626.398,31338,10.3525867
242,96,9.5,7.5,1,19173.105,33815,10.4286598
242,95,8.8,7.5,1,24470.784,35776,10.4850326
242,94,9,7.5,1,19240.136,40763,10.6155301
243,93,14.7,9,1,27716.37,58971,10.9848011
243,96,15.1,9,1,29052.672,63712,11.0621282
243,94,14.1,9,1,29637.146,66451,11.1042201
243,98,16,9,1,27379.048,66454,11.1042653
243,95,16,9,1,33384.272,67307,11.1170195
243,97,18.1,9,1,30643.356,69962,11.1557075
244,93,7.8,14,1,12262.398,38561,10.5599967
244,94,9.9,14,1,13391.721,47999,10.7789355
244,98,11.7,14,1,17618.04,48939,10.7983299
244,95,11.9,14,1,21493.83,50455,10.8288371
244,97,12.3,14,1,19920.64,50560,10.830916
244,96,12,14,1,24001.92,62505,11.0430018
245,94,9.6,9.5,1,24215.298,36579,10.5072296
245,93,7.9,9.5,1,19099.704,37672,10.5366724
245,95,10.5,9.5,1,23795.856,39528,10.5847646
245,96,13.7,9.5,1,28705.084,62812,11.0479014
245,97,16.9,9.5,1,29614.872,68712,11.1376791
245,98,19.2,10,1,33135.245,86515,11.3680731
246,93,25,30,1,38271.15,85047,11.3509593
246,96,27,30,2,47745.984,99264,11.5055382
246,98,28.8,27,2,53607.312,102696,11.5395284
246,95,27.8,30,2,46781.722,105841,11.5696932
246,97,29.4,30,2,52459.601,109519,11.6038533
246,94,27.1,30,2,48149.696,110944,11.6167808
247,93,5.2,5,1,15601.716,32436,10.3870242
247,94,6.9,5,1,14691.768,37479,10.5315361
247,96,6.5,5,1,20099.954,38803,10.5662528
247,97,8.6,5,1,16420.989,43557,10.6818257
247,95,8,5,1,16659.056,44306,10.6988754
247,98,10.5,5,1,31888.5,63777,11.0631479
